<?xml version="1.0" encoding="UTF-8"?>
 <beans xmlns="http://www.springframework.org/schema/beans"
       xmlns:xsi="http://www.w3.org/2001/XMLSchema-instance"
       xsi:schemaLocation="http://www.springframework.org/schema/beans
        http://www.springframework.org/schema/beans/spring-beans.xsd
		http://www.springframework.org/schema/context
		http://www.springframework.org/schema/context/spring-context.xsd"
       xmlns:context="http://www.springframework.org/schema/context">   
  
	<bean id="roses" class="com.kpit.flower.Rose">
	</bean>

	<bean id="lotuses" class="com.kpit.flower.Lotus">
	</bean>

	<bean id="lilies" class="com.kpit.flower.Lily">
	</bean>

	<bean id="suns" class="com.kpit.flower.SunFlower">
	</bean>

	
</beans>