<?xml version="1.0" encoding="UTF-8"?>
 <beans xmlns="http://www.springframework.org/schema/beans"
       xmlns:xsi="http://www.w3.org/2001/XMLSchema-instance"
       xsi:schemaLocation="http://www.springframework.org/schema/beans
        http://www.springframework.org/schema/beans/spring-beans.xsd
		http://www.springframework.org/schema/context
		http://www.springframework.org/schema/context/spring-context.xsd"
       xmlns:context="http://www.springframework.org/schema/context">   
 
  
	<bean id="myCar" class="com.kpit.cars.Car" scope="prototype">
		<constructor-arg ref="myEngine"> </constructor-arg>
	</bean>

	<bean id="myEngine" class="com.kpit.cars.Engine" scope="prototype">
		<constructor-arg ref="myPiston"></constructor-arg>
	</bean>
	
	<bean id="myPiston" class="com.kpit.cars.Piston" scope="prototype">
		<constructor-arg value="4Stroke"></constructor-arg>
	</bean>
	
</beans>